citing_paper_doi,citing_paper_eid,citing_paper_title,cited_data_paper_title,prediction_rule3_abstract,prediction_rule3_fulltext,prediction_rule3_fulltext_few_shot,prediction_rule3_gemini-2_5-flash,prediction_rule3_gemini-2_5-flash_zeroshot
10.1016/j.marpolbul.2024.117442,2-s2.0-85211640167,Multi-indicator assessment of heavy metal pollution in Qinzhou Harbour sediments: Unraveling ecological and human health risks,"Pollution load index for heavy metals in Mian-Ab plain soil, Khuzestan, Iran",0,0,0,0,0
10.1016/j.jaridenv.2024.105282,2-s2.0-85210281314,Potential effects of climate change on cacti distribution and conservation in North American drylands,"The World Checklist of Vascular Plants, a continuously updated resource for exploring global plant diversity",0,1,0,0,1
10.1016/j.revpalbo.2023.104989,2-s2.0-85171680307,Approaches to pollen taxonomic harmonisation in Quaternary palynology,"European pollen-based REVEALS land-cover reconstructions for the Holocene: Methodology, mapping and potentials",0,0,0,1,0
10.1016/j.foreco.2022.120653,2-s2.0-85142708771,Allometric equations to estimate the dry mass of Sahel woody plants mapped with very-high resolution satellite imagery,A global map of root biomass across the world's forests,0,0,1,0,0
10.1016/j.jnucmat.2024.155194,2-s2.0-85194770743,Microstructural evolution in doped high entropy alloys NiCoFeCr-3X (X=Pd/Al/Cu) under irradiation,Database on the mechanical properties of high entropy alloys and complex concentrated alloys,0,0,0,0,0
10.1016/j.susoc.2021.04.003,2-s2.0-85111732332,Applications of Artificial Intelligence (AI) for cardiology during COVID-19 pandemic,Clinical trial design data for electrocardiogram artificial intelligence-guided screening for low ejection fraction (EAGLE),0,0,0,0,0
10.1016/j.marpolbul.2023.115893,2-s2.0-85179884664,Uncovering the relationship between floating marine litter and human activities in watersheds,A global record of annual terrestrial Human Footprint dataset from 2000 to 2018,0,0,0,0,0
10.1016/j.jenvman.2022.114510,2-s2.0-85123081180,Spatiotemporal carbon emissions across the spectrum of Chinese cities: Insights from socioeconomic characteristics and ecological capacity,County-level CO2 emissions and sequestration in China during 1997–2017,0,0,0,1,1
10.1016/j.scitotenv.2024.175887,2-s2.0-85202940306,Responses of plant volatile emissions to increasing nitrogen deposition: A pilot study on Eucalyptus urophylla,Global nitrogen deposition inputs to cropland at national scale from 1961 to 2020,0,0,0,0,0
10.1016/j.resconrec.2023.107296,2-s2.0-85176563605,Government resource allocation practices toward carbon neutrality in China: A hybrid system approach,Global Carbon Budget 2022,0,0,0,0,1
10.1016/j.solener.2025.113509,2-s2.0-105002637578,Predictive modeling and optimization of CIGS thin film solar cells: A machine learning approach,Modeling and performance analysis dataset of a CIGS solar cell with ZnS buffer layer,0,0,0,0,0
10.1016/j.watbs.2025.100383,2-s2.0-105000342766,Biologging as a potential platform for resolving ocean environmental issues and threats: Towards the development of the Internet of Animals,Satellite-based time-series of sea-surface temperature since 1981 for climate applications,0,0,0,0,0
10.1016/j.saa.2025.126132,2-s2.0-105002333796,Surface-enhanced Raman spectroscopic sensing of the herbicide alachlor using Au16 nanocluster,QTAIM analysis dataset for non-covalent interactions in furan clusters,0,0,0,0,0
10.1016/j.eswa.2021.115436,2-s2.0-85108408917,Death mechanism-based moth–flame optimization with improved flame generation mechanism for global optimization tasks[Formula presented],A comprehensive database of Nature-Inspired Algorithms,0,0,0,0,1
10.1016/j.colsurfa.2022.129544,2-s2.0-85133287845,Preparation and characterization of crosslinked starch films pretreated with sodium hydroxide/amide/water solvent system,Adsorption of organic pollutants from real refinery wastewater on prepared cross-linked starch by epichlorohydrin,0,0,0,0,0
10.1016/j.heliyon.2023.e16843,2-s2.0-85160651537,Translation and validation of the WHO-5 General well-being index into native language Quechua of the Peruvian South,Subjective wellbeing and mental health during the COVID-19 pandemic: Data from three population groups in Colombia,0,0,0,0,0
10.1016/j.foodres.2023.113394,2-s2.0-85169793479,"From ancient crop to modern superfood: Exploring the history, diversity, characteristics, technological applications, and culinary uses of Peruvian fava beans","Data on the proximate composition, bioactive compounds, physicochemical and functional properties of a collection of faba beans (Vicia faba L.) and lentils (Lens culinaris Medik.)",0,0,1,1,1
10.1016/j.indcrop.2022.116022,2-s2.0-85142532963,Biotechnological conversion of yam peels for enhanced citric acid production: Data-driven machine learning modeling and global sensitivity analysis of the impact of metabolic stimulants,"Dataset on optimized biodiesel production from seeds of Vitis vinifera using ANN, RSM and ANFIS",0,0,0,0,0
10.1016/j.ces.2024.121101,2-s2.0-85212982352,Experimental and modelling study of ammonia-based FGD scrubbers,Dataset of wet desulphurization scrubbing in a column packed with Mellapak 250.X,0,0,0,1,1
10.1016/j.marpolbul.2025.118326,2-s2.0-105008449228,"Multivariate analysis and seasonal dynamics of toxic trace elements and antibiotics in shrimp (Penaeus vannamei, boon, 1931) aquaculture: Impacts on human and environmental health",Quantitative measurement of toxic metals and assessment of health risk in agricultural products food from Markazi Province of Iran,0,0,0,0,0
10.1016/j.avrs.2025.100222,2-s2.0-85215848216,"Distribution pattern and niche overlap of sympatric breeding birds along human-modified habitat gradients in Inner Mongolia, China",The 30m annual land cover dataset and its dynamics in China from 1990 to 2019,0,1,1,1,1
10.1016/j.dib.2018.08.053,2-s2.0-85052881168,Proteomic and functional data sets on synaptic mitochondria from rats with genetic ablation of Parkin,"SWATH-MS proteome profiling data comparison of DJ-1, Parkin, and PINK1 knockout rat striatal mitochondria",1,0,1,1,1
10.1016/j.jaac.2024.10.013,2-s2.0-85209407406,Identification of Risk Genes for Attention-Deficit/Hyperactivity Disorder During Early Human Brain Development,CommonMind Consortium provides transcriptomic and epigenomic data for Schizophrenia and Bipolar Disorder,0,1,1,1,1
10.1016/j.dib.2019.103705,2-s2.0-85061310838,Trends and patterns of broadband Internet access speed in a Nigerian university campus: A robust data exploration,Smart campus: Data on energy consumption in an ICT-driven university,0,0,0,0,0
10.1016/j.ref.2023.100490,2-s2.0-85173883804,Performance and dynamics of California offshore wind alongside Western US onshore wind and solar power,Developing reliable hourly electricity demand data through screening and imputation,0,0,1,1,1
10.1016/j.scitotenv.2023.165058,2-s2.0-85163033398,Effectiveness of emission controls implemented since 2000 on ambient ozone concentrations in multiple timescales in Japan: An emission inventory development and simulation study,High resolution temporal profiles in the Emissions Database for Global Atmospheric Research,0,0,1,1,1
10.1016/j.expneurol.2024.115122,2-s2.0-85212816444,"Age differences in organophosphorus nerve agent-induced seizure, blood brain barrier integrity, and neurodegeneration in midazolam-treated rats","Dataset of EEG power integral, spontaneous recurrent seizure and behavioral responses following combination drug therapy in soman-exposed rats",0,0,0,0,0
10.1016/j.isci.2024.111126,2-s2.0-85207320701,Dung beetle optimization algorithm-based hybrid deep learning model for ultra-short-term PV power prediction,Solar and wind power data from the Chinese State Grid Renewable Energy Generation Forecasting Competition,0,1,1,1,1
10.1016/j.ejrh.2024.101824,2-s2.0-85193735522,Examining the 2022 drought event in the past and future discharge changes of the Upper Jialing River from a tree-ring perspective,Version 4 of the CRU TS monthly high-resolution gridded multivariate climate dataset,0,1,1,1,1
10.5004/dwt.2019.23180,2-s2.0-85063012581,A comparison study of granular activated carbon modification by FeCl 3 under the acidic and basic condition for arsenic removal from water,Experimental data for aluminum removal from aqueous solution by raw and iron-modified granular activated carbon,0,1,1,0,1
10.1016/j.matpr.2020.02.209,2-s2.0-85089033562,Effects of ball milling on particle size distribution and microstructure of eggshells for applications in metal matrix composites,Data showing the effects of vibratory disc milling time on the microstructural characteristics of Coconut Shell Nanoparticles (CS-NPs),0,0,0,0,1
10.1016/j.cmpb.2023.107849,2-s2.0-85173841003,Graph- and transformer-guided boundary aware network for medical image segmentation,Dataset of breast ultrasound images,0,1,1,1,1
10.1016/j.enbuild.2021.110885,2-s2.0-85104301320,Data science for building energy efficiency: A comprehensive text-mining driven review of scientific literature,"The Building Data Genome Project 2, energy meter data from the ASHRAE Great Energy Predictor III competition",0,0,0,0,0
10.1016/j.sftr.2025.100578,2-s2.0-105001429996,Towards a sustainable future: The interplay of trade globalization and regulatory quality on environmental outcomes in India,The KOF Globalisation Index – revisited,0,1,1,1,1
10.1016/j.fcr.2024.109586,2-s2.0-85203508836,Stable isotope composition of long and short term carbon pools can screen drought tolerance in cassava,ERA5-Land: A state-of-the-art global reanalysis dataset for land applications,0,1,1,1,1
10.1016/j.ecss.2022.107864,2-s2.0-85129022965,Marine monitoring by SCUBA divers reveals new aspects of the temperature variability inside the Gulf of Naples (Tyrrhenian Sea),Collaborative Database to Track Mass Mortality Events in the Mediterranean Sea,0,0,0,0,1
10.1016/j.neuroimage.2023.119908,2-s2.0-85149178525,Distribution of cholinergic nerve terminals in the aged human brain measured with [18F]FEOBV PET and its correlation with histological data,A high-resolution in vivo magnetic resonance imaging atlas of the human hypothalamic region,0,0,1,1,1
10.1016/j.revpalbo.2020.104300,2-s2.0-85091497068,The history of conifers in central Italy supports long-term persistence and adaptation of mesophilous conifer fungi in Arbutus-dominated shrublands,Chorological maps for the main European woody species,0,0,1,1,1
10.1016/j.apenergy.2023.121799,2-s2.0-85168836766,Population aging reduces carbon emissions: Evidence from China's latest three censuses,County-level CO2 emissions and sequestration in China during 1997–2017,0,1,1,1,1
10.1016/j.rechem.2025.102238,2-s2.0-105003597027,"Synthesis, spectroscopic characterization, computational and electrochemical studies of sulfamethazine based azo dyes","Synthesis, characterization and electrochemical investigations of azo dyes derived from 2-amino-6-ethoxybenzothiazole",0,0,0,0,0
10.1016/j.dsr.2021.103644,2-s2.0-85117815892,"Revised depth of the Challenger Deep from submersible transects; including a general method for precise, pressure-derived depths in the ocean",High-resolution multibeam sonar bathymetry of the deepest place in each ocean,0,1,1,1,1
10.1016/j.rse.2023.113657,2-s2.0-85161014684,Integrating ICESat-2 altimetry and machine learning to estimate the seasonal water level and storage variations of national-scale lakes in China,ERA5-Land: A state-of-the-art global reanalysis dataset for land applications,0,1,1,1,1
10.1016/j.dib.2018.06.116,2-s2.0-85049987151,Datasets on factors influencing the urban environmental quality of intra-urban motor parks across density areas of Lagos metropolis,Data exploration on factors that influences construction cost and time performance on construction project sites,0,0,0,0,0
10.1016/j.apenergy.2022.119439,2-s2.0-85132213812,Sustainable development in China: Valuation of bioenergy potential and CO2 reduction from crop straw,Provincial and gridded population projection for China under shared socioeconomic pathways from 2010 to 2100,0,0,0,1,1
10.1016/j.etap.2021.103671,2-s2.0-85106382070,Reassessment of the experimental skin permeability coefficients of polycyclic aromatic hydrocarbons and organophosphorus pesticides,"HuskinDB, a database for skin permeation of xenobiotics",1,1,1,0,0
10.1016/j.ejrh.2025.102508,2-s2.0-105007681676,Tree-ring based May-June streamflow reconstruction of Zemu River in the Eastern Himalaya,Version 4 of the CRU TS monthly high-resolution gridded multivariate climate dataset,0,1,1,1,1
10.1016/j.gloplacha.2022.103785,2-s2.0-85126864679,Linking the Mediterranean MIS 5 tephra markers to Campi Flegrei (southern Italy) 109–92 ka explosive activity and refining the chronology of MIS 5c-d millennial-scale climate variability,Lake Ohrid’s tephrochronological dataset reveals 1.36 Ma of Mediterranean explosive volcanic activity,0,0,1,0,0
10.1016/j.inoche.2022.109324,2-s2.0-85125471670,"Synthesis, XRD, hirshfeld surface analysis, ESP, HOMO-LUMO, quantum chemical modeling and anticancer activity of di(p-methyl benzyl)(dibromo)(1,10-phenanthroline) tin(IV) complex","Computational spectroscopic investigations on structural validation with IR and Raman experimental evidence, projection of ultraviolet-visible excitations, natural bond orbital interpretations, and molecular docking studies under the biological investigation on N-Benzyloxycarbonyl-L-Aspartic acid 1-Benzyl ester",0,0,0,0,0
10.1016/j.ijbiomac.2025.142555,2-s2.0-105001712733,Mechanistic and adsorption kinetics study of sulfonated activated carbon enhanced starch-based aerogel for high efficient adsorption of cationic and anionic dyes,"Characterization, kinetic, and isotherm data for adsorption of Pb2+ from aqueous solution by adsorbent from mixture of bagasse-bentonite",0,0,0,0,1
10.1016/j.apenergy.2025.125865,2-s2.0-105002035961,"Local energy zone for urban carbon emissions studies – Accounting, characterization and prediction",County-level CO2 emissions and sequestration in China during 1997–2017,0,1,1,1,1
10.1016/j.engappai.2024.108260,2-s2.0-85187798986,"Fruit and vegetable disease detection and classification: Recent trends, challenges, and future opportunities",A citrus fruits and leaves dataset for detection and classification of citrus diseases through machine learning,0,0,0,0,0
10.1016/j.aquaculture.2020.735357,2-s2.0-85083068016,Research advances in the genomics and applications for molecular breeding of aquaculture animals,Chromosome-level genome assembly of golden pompano (Trachinotus ovatus) in the family Carangidae,0,0,0,0,0
10.1016/j.jics.2023.100903,2-s2.0-85149623723,"Photophysical properties of (E)-4-((1-phenylethylidene)amino)-N-(pyrimidin-2-yl) benzenesulfonamide; synthesis, characterization, wavefunction and docking studies","Spectroscopic (FT-IR, FT-Raman and UV-Vis), computational (ELF, LOL, NBO, HOMO-LUMO, Fukui, MEP) studies and molecular docking on benzodiazepine derivatives- heterocyclic organic arenes",0,0,0,0,0
10.1016/j.polymer.2020.122870,2-s2.0-85089695493,Mesophase in melt-spun poly(ϵ-caprolactone) filaments: Structure–mechanical property relationship,"Properties, X-ray data and 2D WAXD fitting procedures of melt-spun poly(ɛ-caprolactone)",1,0,1,1,1
10.1016/j.scitotenv.2023.164058,2-s2.0-85162244591,Mountains of plastic: Mismanaged plastic waste along the Carpathian watercourses,A new vector-based global river network dataset accounting for variable drainage density,0,1,1,1,1
10.1016/j.renene.2023.03.052,2-s2.0-85151025418,Internal spillover effect of carbon emission between transportation sectors and electricity generation sectors,China CO2 emission accounts 2016–2017,0,1,1,1,1
10.1016/j.scitotenv.2023.165641,2-s2.0-85167976559,A wavelet coherence approach to zoning supply-demand matching of carbon sequestration service,The 30m annual land cover dataset and its dynamics in China from 1990 to 2019,0,1,1,1,1
10.1016/j.str.2024.10.016,2-s2.0-85210089827,LEDGF interacts with the NID domain of MeCP2 and modulates MeCP2 condensates,A catalogue of 863 Rett-syndrome-causing MECP2 mutations and lessons learned from data integration,0,0,0,0,1
10.1016/j.rser.2023.113697,2-s2.0-85172199980,Role of biomethane to offset natural gas,Distribution and characteristics of wastewater treatment plants within the global river network,0,1,1,1,1
10.1016/j.uclim.2025.102409,2-s2.0-105002149939,Government-involved urban meteorological networks (UMNs): A global review,The automatic weather stations NOANN network of the National Observatory of Athens: operation and database,0,0,0,1,0
10.1016/j.imed.2024.12.001,2-s2.0-105003949553,Osteosarcoma knowledge graph question answering system: deep learning-based knowledge graph and large language model fusion,Building a knowledge graph to enable precision medicine,0,0,0,1,1
10.1016/j.cej.2025.162800,2-s2.0-105003282075,Defect engineering of Z-scheme heterojunction catalysts for efficient CO2 photoreduction,"National contributions to climate change due to historical emissions of carbon dioxide, methane, and nitrous oxide since 1850",0,0,0,0,0
10.1016/j.patcog.2025.111531,2-s2.0-86000670306,Meta-learning of pseudo force field generation and estimation for enhancing 3D molecular property prediction,"GEOM, energy-annotated molecular conformations for property prediction and molecular generation",0,1,1,1,1
10.1016/j.matdes.2021.109572,2-s2.0-85101207203,Exploring the transfer of plasticity across Laves phase interfaces in a dual phase magnesium alloy,Symmetric and asymmetric tilt grain boundary structure and energy in Cu and Al (and transferability to other fcc metals),0,0,0,0,0
10.1016/j.rse.2025.114817,2-s2.0-105005732556,A novel correlation-hypothesis based single channel method for land surface temperature retrieval with reduced atmospheric dependency,GLC_FCS30D: The first global 30ĝ€¯m land-cover dynamics monitoring product with a fine classification system for the period from 1985 to 2022 generated using dense-time-series Landsat imagery and the continuous change-detection method,0,1,1,1,1
10.1016/j.nut.2023.112182,2-s2.0-85167821848,Trends in socioeconomic inequalities in malnutrition among children under 5 in the Democratic Republic of the Congo from 2001 to 2018,Multiple Indicator Cluster Surveys: Delivering Robust Data on Children and Women across the Globe,1,1,1,1,1
10.1016/j.molstruc.2020.128973,2-s2.0-85088667098,"Identifying and explaining the regioselectivity of alkylation of 1,2,4-triazole-3-thiones using NMR, GIAO and DFT methods","Molecular structure, spectroscopic (FT-IR, FT-Raman) studies, Homo–Lumo and Fukui function calculations of 2-Acetyl amino-5-bromo- 4 methyl pyridine by density functional theory",0,0,1,0,0
10.1016/j.energy.2021.121641,2-s2.0-85112022421,Long-term predictive energy analysis of a high-performance building in a mediterranean climate under climate change,Data of cost-optimality and technical solutions for high energy performance buildings in warm climate,0,0,0,0,0
10.1016/j.agrformet.2025.110645,2-s2.0-105006920352,A multimodal machine learning fused global 0.1° daily evapotranspiration dataset from 1950-2022,ERA5-Land: A state-of-the-art global reanalysis dataset for land applications,1,1,1,1,1
10.1016/j.chemosphere.2021.131752,2-s2.0-85112209589,Microbial communities in petroleum-contaminated sites: Structure and metabolisms,Genome of Alcanivorax sp. 24: A hydrocarbon degrading bacterium isolated from marine plastic debris,0,0,0,0,1
10.1016/j.tig.2025.02.001,2-s2.0-85219582923,Strategies for studying sex differences in brain aging,Identification of genes escaping X inactivation by allelic expression analysis in a novel hybrid mouse model,0,0,0,0,1
10.1016/j.jtice.2018.07.035,2-s2.0-85051674437,Mesoporous La/Mg/Si-incorporated palm shell activated carbon for the highly efficient removal of aluminum and fluoride from water,Experimental data for aluminum removal from aqueous solution by raw and iron-modified granular activated carbon,0,0,0,1,1
10.1016/j.pestbp.2025.106399,2-s2.0-105001552301,"Cythochrome P450-mediated dinotefuran resistance in onion thrips, Thrips tabaci",Chromosome-level genome assembly of bean flower thrips Megalurothrips usitatus (Thysanoptera: Thripidae),0,1,1,1,1
10.1016/j.ceramint.2022.03.159,2-s2.0-85126981647,Interface characterization and mechanical property of an aluminum matrix syntactic foam with multi-shelled hollow sphere structure,Data characterizing flexural properties of Al/Al2O3 syntactic foam core metal matrix sandwich,0,0,1,0,0
10.1016/j.apgeog.2024.103205,2-s2.0-85182780803,Deciphering the evolving trajectories of China's megaregions from 1992 to 2020: A novel morphological approach based on global land cover products,GLC_FCS30: Global land-cover product with fine classification system at 30ĝ€¯m using time-series Landsat imagery,1,1,1,1,1
10.1016/j.conbuildmat.2023.132269,2-s2.0-85164294680,A state-of-the-art review of recent advances in porous geopolymer: Applications in adsorption of inorganic and organic contaminants in water,Compressive strength optimization of metakaolin‐based geopolymer by central composite design,0,0,0,0,0
10.1016/j.molstruc.2019.127274,2-s2.0-85074424937,"Vibrational spectroscopy, reactive site analysis and molecular docking studies on 2-[(2-amino-6-oxo-6,9-dihydro-3H-purin-9-yl)methoxy]-3-hydroxypropyl (2S)-2-amino-3-methylbutanoate","Spectroscopic (FT-IR, FT-Raman) investigation, topology (ESP, ELF, LOL) analyses, charge transfer excitation and molecular docking (dengue, HCV) studies on ribavirin",0,0,0,0,0
10.1016/j.jenvman.2020.110140,2-s2.0-85077951193,"Perceptions of ecosystem services, disservices and willingness-to-pay for urban green space conservation",A dataset of distribution and diversity of ticks in China,0,0,0,0,0
10.1016/j.jseaes.2019.104063,2-s2.0-85072961637,A state-of-the-art seismic source model for the United Arab Emirates,An updated and unified earthquake catalog from 1787 to 2018 for seismic hazard assessment studies in Mexico,0,0,1,0,0
10.1016/j.dib.2024.111025,2-s2.0-85207288363,Banana and Guava dataset for machine learning and deep learning-based quality classification,FruitNet: Indian fruits image dataset with quality for machine learning applications,0,0,0,0,0
10.1016/j.micpro.2022.104603,2-s2.0-85136639415,Embedded system in handheld water turbidity meter for smallholders,A dataset for internet of things based fish farm monitoring and notification system,0,0,0,0,0
10.1016/j.dwt.2025.101005,2-s2.0-85214890381,Investigating the toxicity of photocatalytic degradation products from metronidazole using ZnO/polyaniline and TiO2/polyaniline nanocomposites: A bioassay study,Data on effluent toxicity and physicochemical parameters of municipal wastewater treatment plant using Daphnia Magna,0,0,1,0,0
10.1016/j.surfcoat.2020.126217,2-s2.0-85088402971,Experimental study and finite element simulation of hydrogen permeation resistance of Ti-6Al-4V alloy strengthened by laser peening,Source codes and simulation data for the finite element implementation of the conventional and localizing gradient damage methods in ABAQUS,0,0,1,0,0
10.1016/j.isci.2024.109164,2-s2.0-85185576492,Optic atrophy 1 mediates muscle differentiation by promoting a metabolic switch via the supercomplex assembly factor SCAF1,Effect of mitochondrial fission inhibition on C2C12 differentiation,0,0,1,0,0
10.1016/j.scitotenv.2024.175110,2-s2.0-85200130622,Scale dependency of taxonomic and functional diversity in pristine and recovered loess steppic grasslands,PADAPT 1.0 – the Pannonian Dataset of Plant Traits,0,1,1,1,1
10.1016/j.scitotenv.2023.164317,2-s2.0-85162787901,Nitrogen removal through denitrification in China's aquatic system,The 30m annual land cover dataset and its dynamics in China from 1990 to 2019,0,1,1,1,1
10.1016/j.dib.2023.109462,2-s2.0-85166657197,A novel dataset of guava fruit for grading and classification,FruitNet: Indian fruits image dataset with quality for machine learning applications,0,0,0,0,0
10.1016/j.cdc.2020.100391,2-s2.0-85084795648,"Evaluation of the effect of Tetramethylammonium hydroxide on the corrosion inhibition of A9M steel in industrial water: an experimental, morphological and MD simulation insights.",Performance and computational studies of new soluble triazole as corrosion inhibitor for carbon steel in HCl,0,0,0,0,0
10.1016/j.jplph.2025.154542,2-s2.0-105008084860,A review of the journey of field crop phenotyping: From trait stamp collections and fancy robots to phenomics-informed crop performance predictions,"VegAnn, Vegetation Annotation of multi-crop RGB images acquired under diverse conditions for segmentation",0,0,0,0,0
10.1016/j.energy.2023.128667,2-s2.0-85167572132,Assessing the role of digital economy agglomeration in energy conservation and emission reduction: Evidence from China,Gridded fossil CO2 emissions and related O2 combustion consistent with national inventories 1959–2018,0,1,1,1,1
10.1016/j.apgeog.2024.103348,2-s2.0-85199193121,Moving forward from escaping the poverty trap in China's greenest regions: Examining four decades of socioecological evolution to re-orient sustainable development policies,The 30m annual land cover dataset and its dynamics in China from 1990 to 2019,0,0,0,1,1
10.1016/j.energy.2024.132174,2-s2.0-85199916539,Urban emissions and land use efficiency scenarios for avoiding increments of global warming,"National contributions to climate change due to historical emissions of carbon dioxide, methane, and nitrous oxide since 1850",0,1,1,0,0
10.1016/j.molliq.2024.125064,2-s2.0-85193636287,"Solvent solute interaction (IEFPCM model), Michael addition-based anticancer drug synthesis, FTIR, NMR, and UV–visible investigations of spirooxindole-pyranoindole (2AIPC) − in vitro and in silico anti-cancer activity","Spectroscopic (FT-IR, FT-Raman) investigation, topology (ESP, ELF, LOL) analyses, charge transfer excitation and molecular docking (dengue, HCV) studies on ribavirin",0,0,1,0,0
10.1016/j.psj.2024.104508,2-s2.0-85211214266,"South African indigenous chickens' genetic diversity, and the adoption of ecological niche modelling and landscape genomics as strategic conservation techniques",A new global dataset of bioclimatic indicators,0,0,0,0,1
10.1016/j.foodres.2025.116829,2-s2.0-105008325674,"Health risk assessment from heavy metals in crops grown and marketed by family farmers in the mining region of Moquegua, Peru","Health risk assessment of heavy metals (Hg, Pb, Cd, Cr and As) via consumption of vegetables cultured in agricultural sites in Arequipa, Peru",0,0,0,1,0
10.1016/j.jag.2024.103659,2-s2.0-85185157192,Automatized Sentinel-2 mosaicking for large area forest mapping,A global cloud free pixel- based image composite from Sentinel-2 data,0,1,1,0,0
10.1016/j.theriogenology.2019.12.012,2-s2.0-85076838242,Effect of carboxylated poly L-Lysine as a cryoprotectant on post-thaw quality and in vivo fertility of Nili Ravi buffalo (Bubalus bubalis) bull semen,Data supporting the spectrophotometric method for the estimation of catalase activity,0,0,0,1,1
10.1016/j.tibs.2017.04.004,2-s2.0-85020302684,"Dynamic Protein Acylation: New Substrates, Mechanisms, and Drug Targets","Synthesis and characterisation of 5-acyl-6,7-dihydrothieno[3,2-c]pyridine inhibitors of Hedgehog acyltransferase",0,0,0,0,1
10.1016/j.rse.2023.113578,2-s2.0-85151781902,A first Chinese building height estimate at 10 m resolution (CNBH-10 m) using multi-source earth observations and machine learning,Global 1 km × 1 km gridded revised real gross domestic product and electricity consumption during 1992–2019 based on calibrated nighttime light data,0,0,0,0,0
10.1016/j.jneumeth.2020.108990,2-s2.0-85097052536,Towards in vivo g-ratio mapping using MRI: Unifying myelin and diffusion imaging,Example dataset for the hMRI toolbox,0,0,0,0,0
10.1016/j.nanoso.2024.101146,2-s2.0-85189459948,Preparation of cellulose adsorbent based on banana peel waste (Musa paradisiaca): Green activation and adsorption of Rhodamine B from the aquatic environment,"Rhodamine B biosorption from aqueous solution using Eichhornia crassipes powders: Isotherm, kinetic and thermodynamic studies",0,0,0,0,1
10.1016/j.ecoenv.2024.116447,2-s2.0-85192936430,"Differentiating the impact of fine and coarse particulate matter on cause-specific cerebrovascular mortality: An individual-level, case-crossover study",Extending the global high-resolution downscaled projections dataset to include CMIP6 projections at increased resolution coherent with the ERA5-Land reanalysis,0,0,0,1,0
10.1016/j.ijdrr.2025.105575,2-s2.0-105005214453,Substantially increased risk of elderly to compound heat and drought events in coastal China under 1.5 °C–3.0 °C warming scenarios,Provincial and gridded population projection for China under shared socioeconomic pathways from 2010 to 2100,0,1,1,1,1
10.1016/j.quascirev.2024.108759,2-s2.0-85196007182,Sea-level oscillations within the last interglacial: Insights from coral reef stratigraphic forward modelling,"Reef Cover, a coral reef classification for global habitat mapping from remote sensing",0,0,0,0,0
10.1016/j.foreco.2023.120847,2-s2.0-85151414973,"The increasing threat to European forests from the invasive foliar pine pathogen, Lecanosticta acicola",Chorological maps for the main European woody species,0,0,1,0,0
10.1016/j.chemosphere.2024.143791,2-s2.0-85209728090,DGT and kinetic analyses differentiate Se and Cd bioavailability in naturally enriched paddy soils,High-resolution distribution maps of single-season rice in China from 2017 to 2022,0,0,0,0,0
10.1016/j.scitotenv.2023.165788,2-s2.0-85166304956,Plastic and paint debris in marine protected areas of Peru,Preparation and investigation of the structural properties of α-Al2O3 nanoparticles using the sol-gel method,0,0,0,0,0
10.1016/j.quaint.2024.05.008,2-s2.0-85196736721,Moche chronology of ancient Peru: Bayesian assessment of radiocarbon dates and ceramic styles from north to south,"p3k14c, a synthetic global database of archaeological radiocarbon dates",0,0,1,0,0
10.1016/j.cdc.2020.100519,2-s2.0-85090198455,Synthesis of new substituted (2H-chromen-2-one)-phenol derivatives: An approach to molecular docking and antimicrobial assession,"Synthesis of coumarin-piperazine derivatives as potent anti-microbial and anti-inflammatory agents, and molecular docking studies",0,0,0,0,1
10.1016/j.ecolind.2023.110087,2-s2.0-85149330840,"Upscaling remote sensing inversion and dynamic monitoring of soil salinization in the Yellow River Delta, China",GLC_FCS30: Global land-cover product with fine classification system at 30ĝ€¯m using time-series Landsat imagery,0,1,1,1,1
10.1016/j.chiabu.2023.106299,2-s2.0-85163566858,Do parenting behaviors intended as discipline vary by household religious affiliation in Cameroon?,Multiple Indicator Cluster Surveys: Delivering Robust Data on Children and Women across the Globe,1,1,1,1,1
10.1016/j.jiph.2024.102571,2-s2.0-85207870119,Proteomic analysis of post-COVID condition: Insights from plasma and pellet blood fractions,Targeted lipidomics data of COVID-19 patients,0,0,0,0,0
10.1016/j.neurobiolaging.2020.12.010,2-s2.0-85098936669,Volumetric distribution of perivascular space in relation to mild cognitive impairment,Considerations and code for partial volume correcting [18F]-AV-1451 tau PET data,0,1,0,0,1
10.1016/j.sajce.2020.11.005,2-s2.0-85096661790,Understanding the behavioral trends of the effect of water salinity and sand size on oil recovery in sandstone reservoirs,Dataset on experimental investigation of gum arabic coated alumina nanoparticles for enhanced recovery of nigerian medium crude oil,0,0,0,0,0
10.1016/j.jsg.2025.105445,2-s2.0-105003911484,"Multi-millennia slip rate relationships between closely spaced across-strike faults: Temporal earthquake clustering of the Skinos and Pisia Faults, Greece, from in situ 36Cl cosmogenic exposure dating",Fault Scarp Dating Tool - a MATLAB code for fault scarp dating using in-situ chlorine-36 supplemented with datasets of Yavansu and Kalafat faults,0,0,1,1,0
10.1016/j.agrformet.2024.110282,2-s2.0-85207003586,Evaluating the phase evolution of CMIP GCMs for agricultural climate-change impact assessments in China,Global monthly gridded atmospheric carbon dioxide concentrations under the historical and future scenarios,0,1,1,1,1
10.1016/j.jenvman.2025.124599,2-s2.0-85218446247,The distribution and driving climatic factors of agricultural drought in China: Past and future perspectives,The first high-resolution meteorological forcing dataset for land process studies over China,0,1,1,1,1
10.1016/j.aspen.2024.102214,2-s2.0-85186491468,Physical and chemical variables of the soil of nests of Liometopum apiculatum MAYR in north-central Mexico,Mexico ants: incidence and abundance along the Nearctic–Neotropical interface,0,0,0,0,0
10.1016/j.compag.2024.108680,2-s2.0-85184837866,Harnessing quantum computing for smart agriculture: Empowering sustainable crop management and yield optimization,Crop Origins and Phylo Food: A database and a phylogenetic tree to stimulate comparative analyses on the origins of food crops,0,0,0,0,0
10.1016/j.dib.2018.06.093,2-s2.0-85049573254,Survey dataset on architect׳s awareness and adoption of building envelope technologies for energy efficient housing in Lagos State,Learning analytics for smart campus: Data on academic performances of engineering undergraduates in Nigerian private university,0,0,0,0,0
10.1016/j.etran.2022.100166,2-s2.0-85129556150,A fusion prognostics strategy for fuel cells operating under dynamic conditions,Long-term dynamic durability test datasets for single proton exchange membrane fuel cell,1,1,1,1,1
10.1016/j.jenvman.2023.118869,2-s2.0-85170423844,"Refined assessment of space-time changes, influencing factors and socio-economic impacts of the terrestrial ecosystem quality: A case study of the GBA",GLC_FCS30: Global land-cover product with fine classification system at 30ĝ€¯m using time-series Landsat imagery,0,1,1,1,1
10.1016/j.quascirev.2023.108368,2-s2.0-85175166432,Holocene vertical velocity fields in the calabrian arc (southern Italy): New insights from uplifted sea-level markers in the Crotone Peninsula,Last Interglacial sea-level proxies in the western Mediterranean,0,0,0,0,1
10.1016/j.envres.2023.116911,2-s2.0-85168777376,"Distribution, sources and main controlling factors of nitrate in a typical intensive agricultural region, northwestern China: Vertical profile perspectives",Nitrate transport velocity data in the global unsaturated zones,0,0,0,0,0
10.1016/j.molliq.2023.123518,2-s2.0-85176270078,Molecular dynamics study of the effect of oxidation aging of FAMEs on biodiesel properties,"Investigation of the corrosion of stainless steel, copper and aluminium in sunflower biodiesel solution: Experimental and theoretical approaches",0,0,0,0,0
10.1016/j.ijdrr.2024.104605,2-s2.0-85196867431,Nationwide evaluation of changes in fluvial and pluvial flood damage and the effectiveness of adaptation measures in Japan under population decline,Development of CMIP6-Based Climate Scenarios for Japan Using Statistical Method and Their Applicability to Heat-Related Impact Studies,1,0,1,1,1
10.1016/j.atmosres.2022.106046,2-s2.0-85123702522,A study on the dynamic spatial spillover effect of urban form on PM2.5 concentration at county scale in China,The first high-resolution meteorological forcing dataset for land process studies over China,0,0,1,1,1
10.1016/j.molliq.2023.122910,2-s2.0-85170434888,Investigating the use of Moringa Oleifera leaf extract as an environment-friendly corrosion inhibitor for API 5L X52 steel in 1 M HCl,"Electrochemical, molecular dynamics, adsorption studies and anti-corrosion activities of Moringa Leaf biomolecules on carbon steel surface in alkaline and acid environment",0,0,1,0,0
10.1016/j.accpm.2024.101441,2-s2.0-85208220306,Early deep-to-light sedation versus continuous light sedation for ICU patients with mechanical ventilation: A cohort study,"MIMIC-IV, a freely accessible electronic health record dataset",1,1,1,1,1
10.1016/j.agrformet.2022.109114,2-s2.0-85137580007,Multiple gap-filling for eddy covariance datasets,The FLUXNET2015 dataset and the ONEFlux processing pipeline for eddy covariance data,0,0,1,0,1
10.1016/j.dib.2021.107531,2-s2.0-85118491607,Dataset of seized wildlife and their intended uses,United States wildlife and wildlife product imports from 2000–2014,1,1,0,0,0
10.1016/j.rse.2024.114354,2-s2.0-85201377655,Global mapping of human-transformed dike-pond systems,NESEA-Rice10: High-resolution annual paddy rice maps for Northeast and Southeast Asia from 2017 to 2019,0,0,0,0,0
10.1016/j.scitotenv.2023.165674,2-s2.0-85166963213,"Developmental programming: Impact of preconceptional and gestational exposure to a real-life environmental chemical mixture on maternal steroid, cytokine and oxidative stress milieus in sheep",Curation of a list of chemicals in biosolids from EPA National Sewage Sludge Surveys & Biennial Review Reports,1,0,0,0,0
10.1016/j.carbpol.2024.122783,2-s2.0-85204739894,"Starch/polyacrylamide hydrogels with flexibility, conductivity and sensitivity enhanced by two imidazolium-based ionic liquids for wearable electronics: Effect of anion structure",Raman spectroscopic data from Formic Acid Decomposition in subcritical and supercritical water,0,0,0,0,0
10.1016/j.revip.2024.100091,2-s2.0-85183194021,Machine learning for anomaly detection in particle physics,LHC physics dataset for unsupervised New Physics detection at 40 MHz,0,0,0,0,0
10.1016/j.egyr.2022.10.343,2-s2.0-85141242969,Mitigation of air pollution and corresponding impacts during a global energy transition towards 100% renewable energy system by 2050,High resolution temporal profiles in the Emissions Database for Global Atmospheric Research,0,0,0,0,0
10.1016/j.scitotenv.2022.161157,2-s2.0-85144817654,Widespread missing super-emitters of nitrogen oxides across China inferred from year-round satellite observations,Air pollution emissions from Chinese power plants based on the continuous emission monitoring systems network,0,0,1,1,1
10.5004/dwt.2021.26979,2-s2.0-85105484825,Adsorption and desorption studies of phenolic compounds on hydroxyapatite-sodium alginate composite,Kinetic and modeling data on phenol removal by Iron-modified Scoria Powder (FSP) from aqueous solutions,0,0,0,0,0
10.1016/j.arabjc.2023.104815,2-s2.0-85151518995,Collaborative impact of Cu/TiO2 nano composites for elimination of cationic dye from aqueous solution: Kinetics and isothermal modeling,"Characterization, kinetic, and isotherm data for adsorption of Pb2+ from aqueous solution by adsorbent from mixture of bagasse-bentonite",0,0,0,0,0
10.1016/j.parepi.2020.e00145,2-s2.0-85084545270,Future use-cases of vaccines in malaria control and elimination,Analysis-ready datasets for insecticide resistance phenotype and genotype frequency in African malaria vectors,0,0,0,0,0
10.1016/j.fpsl.2023.101055,2-s2.0-85150473842,Antibacterial castor oil-based waterborne polyurethane/gelatin films for packaging of strawberries,"UV screening, swelling and in-vitro cytotoxicity study of novel chitosan/poly (1-vinylpyrrolidone-co-vinyl acetate) blend films",0,0,0,0,0
10.1016/j.rineng.2025.104167,2-s2.0-85216772566,Ultra-wideband (UWB) antennas for breast cancer detection with microwave imaging: A review,Dataset of breast ultrasound images,0,0,0,0,0
10.1016/j.agsy.2024.104243,2-s2.0-85211712060,"Enhancing simulations of biomass and nitrous oxide emissions in vineyard, orchard, and vegetable cropping systems",Gridded daily weather data for North America with comprehensive uncertainty quantification,0,0,0,0,1
10.1016/j.scs.2025.106130,2-s2.0-85214666281,Mountainous landscapes and tree species diversity enhance ecosystem multifunctionality in an urban green heart area,The 30m annual land cover dataset and its dynamics in China from 1990 to 2019,0,0,0,1,1
10.1016/j.surfin.2025.106134,2-s2.0-86000359834,Synthesis and adsorption efficiency of magnetically separable sawdust-based activated carbon for ibuprofen removal,Ibuprofen removal using coconut husk activated Biomass,0,0,0,0,0
10.1016/j.scitotenv.2024.174087,2-s2.0-85196529267,Exploring the actual spatial resolution of 1 km satellite soil moisture products,ERA5-Land: A state-of-the-art global reanalysis dataset for land applications,0,1,0,1,1
10.1016/j.arabjc.2023.105584,2-s2.0-85181167362,"Design of new dipeptide inhibitors against SARS-CoV 3CLpro: 3D-QSAR, molecular docking, MD simulation, ADMET studies and retrosynthesis strategy","Rational design of novel potential EGFR inhibitors by 3D-QSAR, molecular docking, molecular dynamics simulation, and pharmacokinetics studies",0,0,0,0,0
10.1016/j.scitotenv.2024.177626,2-s2.0-85210120741,"Effects of sublethal concentration of thiamethoxam formulation on the wild stingless bee, Partamona helleri Friese (Hymenoptera: Apidae): Histopathology, oxidative stress and behavioral changes",Data supporting the spectrophotometric method for the estimation of catalase activity,0,0,0,1,0
10.1016/j.ygeno.2021.09.013,2-s2.0-85115603472,Differential analysis of chromatin accessibility and gene expression profiles identifies cis-regulatory elements in rat adipose and muscle,An ATAC-seq atlas of chromatin accessibility in mouse tissues,0,0,0,1,1
10.1016/j.jics.2022.100739,2-s2.0-85144021459,Molecular modeling of the photovoltaic properties of amino naphthalene and N-alkylated-isoquinoline dye,Exploring the spectral features and quantum chemical computations of a novel biologically active heterocyclic class of compound 2MEFPBA dye: Experimental and theoretical approach,0,0,0,0,0
10.1016/j.cdc.2018.09.002,2-s2.0-85053457814,Bioremediation: Data on biologically-mediated remediation of crude oil (Escravos Light) polluted soil using Aspergillus niger,Smart campus: Data on energy consumption in an ICT-driven university,0,0,0,0,0
10.1016/j.reactfunctpolym.2023.105741,2-s2.0-85173628578,Preparation of a novel polymer microspheres and application in solid phase extraction combined with hollow fiber membrane system for capturing lactic acid from simulated fermentation broth,Liquid-liquid extraction of lactic acid using non-toxic solvents,0,0,0,0,0
10.1016/j.molstruc.2024.138891,2-s2.0-85195663857,The preparation of Zr-TiO2@g-C3N4 nanocomposites to remove ciprofloxacin from water,Direct Blue 71 removal from aqueous solution by laccase-mediated system; A dataset,0,0,0,0,0
10.1016/j.molstruc.2019.127317,2-s2.0-85075468394,"Synthesis, spectroscopic characterizations, DFT, molecular docking and molecular dynamics simulations of a novel 2-methyl-3H-benzimidazolo[1,2-b][1,2,4]triazepin-4(5H)-one","Synthesis, crystal structure, Hirshfeld surface analysis, and DFT calculations of new 1-[(1-benzyl-1H-1,2,3-triazol-4-yl)methyl]-6-methoxy-1H-benzimidazol-2(3H)-one",0,0,0,0,0
10.1016/j.molstruc.2025.141761,2-s2.0-85218412851,"Synthesis, antifungal activity, molecular docking and DFT analysis of new (E)-4-(4-aryl)-2-(2-(1-(2,4-dimethoxyphenyl)ethylidene)hydrazineyl)thiazoles: An integrated experimental and theoretical study","Electronic structure, vibrational (FT-IR and FT-Raman), UV–Vis and NMR analysis of 5-(4-(2-(5-ethylpyridin-2-yl) ethoxy) benzyl) thiazolidine-2,4-dione by quantum chemical method",0,0,0,0,0
10.1016/j.rse.2023.113790,2-s2.0-85169603700,Monitoring spring leaf phenology of individual trees in a temperate forest fragment with multi-scale satellite time series,Tracking vegetation phenology across diverse biomes using Version 2.0 of the PhenoCam Dataset,0,0,0,0,0
10.1016/j.knosys.2025.113838,2-s2.0-105007798970,Multi-modal evidential fusion network for trustworthy PET/CT tumor segmentation,A whole-body FDG-PET/CT Dataset with manually annotated Tumor Lesions,0,0,0,1,1
10.1016/j.scitotenv.2024.176423,2-s2.0-85205377658,CALIPSO-based aerosol extinction profile estimation from MODIS and MERRA-2 data using a hybrid model of Transformer and CNN,A global land aerosol fine-mode fraction dataset (2001-2020) retrieved from MODIS using hybrid physical and deep learning approaches,0,1,1,0,0
10.1016/j.biocon.2023.110194,2-s2.0-85164668607,Transboundary conservation opportunities for Cerrado's plant species,"LCVP, The Leipzig catalogue of vascular plants, a new taxonomic reference list for all known vascular plants",0,1,1,1,1
10.1016/j.intermet.2021.107323,2-s2.0-85112774911,"Microstructures and mechanical properties of CrNb, CrNbTi, and CrNbTaTi concentrated refractory alloys",Expanded dataset of mechanical properties and observed phases of multi-principal element alloys,0,0,0,0,0
10.1016/j.jhazmat.2024.136651,2-s2.0-85210031434,Insights into the photoaging behavior of biodegradable and nondegradable microplastics: Spectroscopic and molecular characteristics of dissolved organic matter release,Dataset on specific UV absorbances (SUVA254) at stretch components of Perak River basin,0,0,0,0,0
10.1016/j.jhazmat.2023.132906,2-s2.0-85175715532,Identification of novel NRF2-dependent genes as regulators of lead and arsenic toxicity in neural progenitor cells,ChIP-Seq analysis of the adult male mouse brain after developmental exposure to arsenic,0,0,0,0,0
10.1016/j.biombioe.2024.107311,2-s2.0-85200124174,A supply chain optimization for bioenergy potential estimation of giant reed (Arundo donax L.) on marginal land in China,A high spatial resolution dataset of China’s biomass resource potential,0,0,0,0,0
10.1016/j.envres.2022.112901,2-s2.0-85125278381,Viral diversity and biogeochemical potential revealed in different prawn-culture sediments by virus-enriched metagenome analysis,"Viral metagenomes of Lake Soyang, the largest freshwater lake in South Korea",0,0,0,1,1
10.1016/j.dib.2024.110459,2-s2.0-85192499658,Techno-economic data and assumptions for open energy modelling of decarbonisation pathways in the Philippines,"Selected ‘Starter kit’ energy system modelling data for selected countries in Africa, East Asia, and South America (#CCG, 2021)",0,0,0,1,1
10.1016/j.lwt.2023.115223,2-s2.0-85168804966,Effect of gibberellic acid on cell wall degradation and softening in postharvest okras,"Extraction, texture analysis and polysaccharide epitope mapping data of sequential extracts of strawberry, apple, tomato and aubergine fruit parenchyma",0,0,0,0,1
10.1016/j.ecolind.2022.108620,2-s2.0-85123993623,Growing-season vegetation coverage patterns and driving factors in the China-Myanmar Economic Corridor based on Google Earth Engine and geographic detector,The global dataset of historical yields for major crops 1981–2016,0,1,1,1,1
10.1016/j.imavis.2025.105603,2-s2.0-105008540154,Enhancing radiology report generation: A prior knowledge-aware transformer network for effective alignment and fusion of multi-modal radiological data,"MIMIC-CXR, a de-identified publicly available database of chest radiographs with free-text reports",0,0,1,0,0
10.1016/j.ese.2024.100434,2-s2.0-85195851388,Land use and river-lake connectivity: Biodiversity determinants of lake ecosystems,The 30m annual land cover dataset and its dynamics in China from 1990 to 2019,0,1,0,1,1
10.1016/j.ejmech.2021.113921,2-s2.0-85117787998,Coumarin–benzimidazole hybrids: A review of developments in medicinal chemistry,Synthesis and characterization of 3-[3-(1H-benzimidazol-2-ylsulfanyl)-3-phenyl propanoyl]-2H-chromen-2-one derivatives as potential biological agents,0,0,0,0,1
10.1016/j.jclepro.2024.141147,2-s2.0-85185200666,Is the assessment approach of Sustainable Development Goal 11.3.1 justified? Evidence from the drivers of future urban land use efficiency,Provincial and gridded population projection for China under shared socioeconomic pathways from 2010 to 2100,0,0,0,1,1
10.1016/j.ijdrr.2025.105440,2-s2.0-105001946231,Advancing regional analysis of road infrastructure exposure to fault displacement hazard: A New Zealand case study,SURE 2.0 – New release of the worldwide database of surface ruptures for fault displacement hazard analyses,0,0,1,0,0
10.1016/j.pmatsci.2017.02.001,2-s2.0-85013146982,Recent progress in marine foul-release polymeric nanocomposite coatings,Data on photo-nanofiller models for self-cleaning foul release coating of ship hulls,0,0,0,0,0
10.1016/j.enmm.2022.100753,2-s2.0-85141256311,Application of multivariate and geospatial techniques to assess groundwater quality of two major dumpsites in Sierra Leone,"Data on water quality index development for groundwater quality assessment from Obulavaripalli Mandal, YSR district, A.P India",-1,0,0,0,0
10.1016/j.jsg.2024.105117,2-s2.0-85190067618,"The relationship between kinematics and fault geometry for surface coseismic ruptures on across-strike faults: New observations of slip vectors and displacements along the Pisia and Skinos faults from the 1981 Eastern Gulf of Corinth, Greece earthquakes",Fault2SHA Central Apennines database and structuring active fault data for seismic hazard assessment,0,0,1,0,0
10.1016/j.media.2024.103201,2-s2.0-85193837673,A comprehensive survey on deep active learning in medical image analysis,MedMNIST v2 - A large-scale lightweight benchmark for 2D and 3D biomedical image classification,0,0,0,0,0
10.1016/j.jretconser.2024.103723,2-s2.0-85185155470,Importance and performance in PLS-SEM and NCA: Introducing the combined importance-performance map analysis (cIPMA),Dataset on an extended technology acceptance model: A combined application of PLS-SEM and NCA,0,0,0,0,1
10.1016/j.ocecoaman.2021.105916,2-s2.0-85115988993,Exploring space geodetic technology for physical coastal vulnerability index and management strategies: A review,33 years of globally calibrated wave height and wind speed data based on altimeter observations,0,0,0,0,1
10.1016/j.dib.2018.08.184,2-s2.0-85053521213,"Data on health risk assessment of fluoride in water distribution network of Iranshahr, Iran","Groundwater quality assessment for irrigation purposes based on irrigation water quality index and its zoning with GIS in the villages of Chabahar, Sistan and Baluchistan, Iran",0,0,0,0,0
10.1016/j.media.2024.103371,2-s2.0-85207882624,An objective comparison of methods for augmented reality in laparoscopic liver resection by preoperative-to-intraoperative image fusion from the MICCAI2022 challenge,The Dresden Surgical Anatomy Dataset for Abdominal Organ Segmentation in Surgical Data Science,0,0,0,0,0
10.1016/j.resconrec.2024.107934,2-s2.0-85204984969,Assessment of forest disturbance and soil erosion in wind farm project using satellite observations,Harmonised global datasets of wind and solar farm locations and power,0,0,0,0,0
10.1016/j.techfore.2023.122774,2-s2.0-85167832973,Does financial inclusion achieve the dual dividends of narrowing carbon inequality within cities and between cities? Empirical evidence from China,County-level CO2 emissions and sequestration in China during 1997–2017,0,1,1,1,1
10.1016/j.bbagen.2024.130674,2-s2.0-85200807393,B cell epitope mapping: The journey to better vaccines and therapeutic antibodies,Mapping the topographic epitope landscape on the urokinase plasminogen activator receptor (uPAR) by surface plasmon resonance and X-ray crystallography,0,0,0,0,0
10.1016/j.labeco.2024.102509,2-s2.0-85183574378,The impact of high temperatures on performance in work-related activities,ERA5-Land: A state-of-the-art global reanalysis dataset for land applications,0,1,1,1,1
10.1016/j.scitotenv.2023.168402,2-s2.0-85177039920,Spatial variation in the recovery potential of freshwater macroinvertebrate assemblages: Moving towards spatially defined assemblage vulnerability to chemicals,"DISPERSE, a trait database to assess the dispersal potential of European aquatic macroinvertebrates",0,1,1,1,1
10.1016/j.eja.2020.126197,2-s2.0-85097108135,Redefining the field to mobilize three-dimensional diversity and ecosystem services on the arable farm,A dataset of meta-analyses on crop diversification at the global scale,0,0,1,0,0
10.1016/j.jclepro.2023.137201,2-s2.0-85153388721,Spatiotemporal variations of the global compound heat wave and the drivers of its spatial heterogeneity,Development and validation of the CHIRTS-daily quasi-global high-resolution daily temperature data set,0,1,1,1,1
10.1016/j.brainresbull.2025.111327,2-s2.0-105001558082,Pad2 deletion induces anxiety‑like behaviors and memory deficits in mice,Systematic phenotyping and characterization of the 5xFAD mouse model of Alzheimer’s disease,0,0,0,1,0
10.1016/j.atmosres.2025.107972,2-s2.0-85217261181,Improving soil surface evaporation estimates with transformer-based model,ERA5-Land: A state-of-the-art global reanalysis dataset for land applications,0,1,1,1,1
10.1016/j.apgeog.2024.103333,2-s2.0-85197019856,Incorporating spatial autocorrelation in dasymetric mapping: A hierarchical Poisson spatial disaggregation regression model,Improving intelligent dasymetric mapping population density estimates at 30ĝ€¯m resolution for the conterminous United States by excluding uninhabited areas,0,1,1,0,0
10.1016/j.foreco.2025.122770,2-s2.0-105005737254,"Perspectives: Land use history, climate change, institutional capacity and war drive forest fire damage in the Siversky Donets basin of eastern Ukraine: A historical review",Version 3 of the Global Aridity Index and Potential Evapotranspiration Database,0,0,0,1,1
10.1016/j.eneco.2024.108162,2-s2.0-85213288083,Responding to perceived environmental policy uncertainty with green technological innovation engagement: Evidence from a text-based measure,A news-based climate policy uncertainty index for China,0,0,0,0,0
10.1016/j.oneear.2025.101197,2-s2.0-85217907673,Mapping sand flows and stocks,A database seed for a community-driven material intensity research platform,0,1,1,0,1
10.1016/j.patcog.2024.110875,2-s2.0-85201282999,Towards trustworthy dataset distillation,MedMNIST v2 - A large-scale lightweight benchmark for 2D and 3D biomedical image classification,0,1,1,1,1
10.1016/j.jprot.2022.104578,2-s2.0-85127933030,A comprehensive update on Capsicum proteomics: Advances and future prospects,"Transcriptome profiling of abiotic responses to heat, cold, salt, and osmotic stress of Capsicum annuum L",0,0,0,0,1
10.1016/j.ccell.2021.04.015,2-s2.0-85109453646,Progress and potential: The Cancer Moonshot,Highly multiplexed immunofluorescence images and single-cell data of immune markers in tonsil and lung cancer,0,0,0,0,1
10.1016/j.jhydrol.2024.132393,2-s2.0-85210538344,Evaluating SWAT-3PG simulation of hydrologic and water quality processes in a forested watershed: A case study in the St. Croix River Basin,The global forest above-ground biomass pool for 2010 estimated from high-resolution satellite observations,0,0,1,1,1
10.1016/j.foodres.2024.114915,2-s2.0-85201406552,"Unraveling the effective inhibition of α-terpinol and terpene-4-ol against Aspergillus carbonarius: Antifungal mechanism, ochratoxin A biosynthesis inhibition and degradation perspectives",Data set for phylogenetic tree and RAMPAGE Ramachandran plot analysis of SODs in Gossypium raimondii and G. arboreum,0,0,0,0,0
10.1016/j.chemosphere.2023.138088,2-s2.0-85148625852,Modified biochar prepared from Retinervus luffae fructus for dyes adsorption and aerobic sludge granulation,Sorption studies of methyl red dye removal using lemon grass (Cymbopogon citratus),0,0,0,0,0
10.1016/j.fuel.2024.131935,2-s2.0-85194067732,High throughput screening of promoted bimetallic catalysts supported on alumina for production of light olefins via Fischer-Tropsch synthesis with artificial neural network and response surface methodology,Analysis of waste groundnut oil biodiesel production using response surface methodology and artificial neural network,0,0,0,0,0
